year,kes_per_usd,fx_lag,fx_depreciation_pct,inflation,reserves_usd,log_reserves,inflation_lag,reserves_lag,reserves_pct_change,fx_dep_z,reserves_change_z,inflation_z,fx_pressure
1967,7.14286000614286,7.14286000614286,0.0,1.75919579598299,75830000.0,18.144004550677117,5.01439539323414,52400000.0,44.713740458015266,-0.4620269027128677,0.40126614496039126,-1.117927387917069,-1.981220435590328
1968,7.14286000614286,7.14286000614286,0.0,0.366711570051019,100050000.0,18.421180618994015,1.75919579598299,75830000.0,31.939865488592904,-0.4620269027128677,0.20554631725136566,-1.2940592578347363,-1.9616324777989695
1969,7.14286000614286,7.14286000614286,0.0,-0.17150100656233,169660000.0,18.949306992343864,0.366711570051019,100050000.0,69.5752123938031,-0.4620269027128677,0.7821907285744429,-1.3621364293866576,-2.6063540606739686
1970,7.14286000614286,7.14286000614286,0.0,2.18852703907439,219830000.0,19.2083650783363,-0.17150100656233,169660000.0,29.570906518920193,-0.4620269027128677,0.16924940323710078,-1.0636223457115428,-1.6948986516615112
1971,7.1428599977626,7.14286000614286,-1.173235935501443e-07,3.78020612544907,170946360.160737,18.956860381987504,2.18852703907439,219830000.0,-22.237019441961056,-0.46202691206134416,-0.6245456172479134,-0.8622948128237752,-0.699776107637206
1972,7.142859999,7.1428599977626,1.7323586302584343e-08,5.83164474311005,201994376.018234,19.123750413484007,3.78020612544907,170946360.160737,18.16243167055634,-0.46202690133250485,-0.005549922503089704,-0.6028134391600168,-1.059290417989432
1973,7.00119166566667,7.142859999,-1.9833558736019399,9.28119422332106,233045794.709654,19.266745536036026,5.83164474311005,201994376.018234,15.372417442264325,-0.6200629384398405,-0.04829819625511755,-0.16648849629293289,-0.7382532384776559
1974,7.142859999,7.00119166566667,2.023488858733308,17.8099480331818,193282885.761395,19.07966540307006,9.28119422332106,233045794.709654,-17.062272673831604,-0.30079302541017594,-0.545258748672752,0.9122923822429151,1.1567581055054912
1975,7.34319333233333,7.142859999,2.8046655451930604,19.1201840136051,173405883.888286,18.97114555419342,17.8099480331818,193282885.761395,-10.283891299950318,-0.23854798488387405,-0.4414011770417604,1.0780208759433805,1.280874068101267
1976,8.36714499916667,7.34319333233333,13.944228627683101,11.4490304932756,275522172.368629,19.434178663785758,19.1201840136051,173405883.888286,58.888594891122494,0.6490649809577699,0.6184516171909621,0.10771572720330377,0.13832909097011156
1977,8.27656083241667,8.36714499916667,-1.082617389312866,14.8209644818935,525784882.946834,20.080402719270168,11.4490304932756,275522172.368629,90.83214916125569,-0.5482910788465092,1.1078870432562835,0.5342232793852442,-1.1219548427175485
1978,7.72938333233334,8.27656083241667,-6.611169919034602,16.9317824582842,368830301.98426,19.725847210003185,14.8209644818935,525784882.946834,-29.851482241729805,-0.9888123875710088,-0.7412135313174462,0.8012154005984607,0.5536165443448982
1979,7.47530916566667,7.72938333233334,-3.2871207927265553,7.97935261848786,668545448.786228,20.320614938412557,16.9317824582842,368830301.98426,81.26098782815258,-0.7239483994812632,0.9612388216653892,-0.3311552062819987,-2.0163424274286514
1980,7.420187499,7.47530916566667,-0.737383102759659,13.8581814562484,538712188.84167,20.10469201379477,7.97935261848786,668545448.786228,-19.420259337682367,-0.5207824210357381,-0.5813875462924082,0.4124432466395479,0.47304837189621796
1981,9.04749833258333,7.420187499,21.930858671733557,11.6030534351142,262828031.489196,19.38701050360942,13.8581814562484,538712188.84167,-51.21179046378652,1.285448681825056,-1.0684936914129597,0.1271977064250763,2.481140079663092
1982,10.9223249994167,9.04749833258333,20.72204490031722,20.6667146662827,248102847.327518,19.329353925127887,11.6030534351142,262828031.489196,-5.602592721272701,1.1891290354572703,-0.369674864277113,1.273637695630359,2.8324415953647426
1983,13.3115166659167,10.9223249994167,21.87438724472668,11.3977827368523,406428158.505212,19.82291773948873,20.6667146662827,248102847.327518,63.814387010516825,1.2809489747503975,0.6939240315715711,0.1012335258254893,0.6882584690043156
1984,14.4138749994167,13.3115166659167,8.281237676864567,10.284098213138,414388461.981152,19.842314405812356,11.3977827368523,406428158.505212,1.9586003846822309,0.19783146702475837,-0.25382314226522207,-0.0396336624752487,0.4120209468147318
1985,16.4321166665,14.4138749994167,14.00207554987798,13.0065664218827,416724735.061511,19.847936454029856,10.284098213138,414388461.981152,0.5637881588665576,0.6536742890422956,-0.2751942930848884,0.30472457689846816,1.2335931590256521
1986,16.2257416665,16.4321166665,-1.2559246272924536,2.53427598892888,444494690.152961,19.912448667184254,13.0065664218827,416724735.061511,6.663860518706918,-0.5621003952771227,-0.18172969333434508,-1.019889420105737,-1.4002601220485147
1987,16.4544916666667,16.2257416665,1.409796882437639,8.63767318980084,294401562.808027,19.500455253256085,2.53427598892888,444494690.152961,-33.76713618182558,-0.34969269509733353,-0.8012087259125259,-0.24788587290551636,0.203630157909676
1988,17.7471,16.4544916666667,7.855656434235812,12.2649630481582,296453946.226837,19.50740243963923,8.63767318980084,294401562.808027,0.6971374062128419,0.16392067302153057,-0.2731511314148221,0.2109210087726428,0.6479928132089955
1989,20.5724666666667,17.7471,15.92015972562672,13.7893172763883,316624628.702657,19.573227493613203,12.2649630481582,296453946.226837,6.803985149310865,0.8065094021758081,-0.17958272002943607,0.4037327876316636,1.3898249098369078
1990,22.9147666666667,20.5724666666667,11.385606004141447,17.78181442992,236115155.443087,19.2798301907753,13.7893172763883,316624628.702657,-25.427419714458356,0.44519104097163525,-0.6734285594366168,0.9087338326681749,2.027353433076427
1991,27.5078666666667,22.9147666666667,20.044280034853767,20.0844955754632,145138376.123246,18.79319816340419,17.78181442992,236115155.443087,-38.5306818400185,1.1351239656064696,-0.8741952188707982,1.1999942494367986,3.2093134339140663
1992,32.2168333333333,27.5078666666667,17.11861818922075,27.3323644475784,79549253.3971221,18.19188692737558,20.0844955754632,145138376.123246,-45.19075139054065,0.902003925922509,-0.9762400304944137,2.1167591747337484,3.9950031311506713
1993,58.0013333333333,32.2168333333333,80.03424710684382,45.9788813036218,436745055.962517,19.894860186851442,27.3323644475784,79549253.3971221,449.0247077269457,5.915192285988843,6.596071796664912,4.475310761993652,3.794431251317582
1994,56.050575,58.0013333333333,-3.3632991195604096,28.8143894306731,588142007.171739,20.19247898549982,45.9788813036218,436745055.962517,34.66483458537774,-0.7300183745882884,0.24729797705794856,2.304216832548482,1.3269004809022449
1995,51.4298333333333,56.050575,-8.243879151403357,1.55432816055009,384262966.053888,19.766837683610387,28.8143894306731,588142007.171739,-34.66493442600127,-1.1189085029543708,-0.814964686268186,-1.1438405861008811,-1.4477844027870659
1996,57.1148666666667,51.4298333333333,11.05396025004956,8.86408741577522,775927062.16745,20.469569081677708,1.55432816055009,384262966.053888,101.92605864043531,0.41876513277232663,1.277866634968441,-0.21924730001960907,-1.0783488022157235
1997,58.7318416666667,57.1148666666667,2.831093013727896,11.3618450505783,811092756.22234,20.513892978193567,8.86408741577522,775927062.16745,4.532087585224738,-0.2364422143476163,-0.21439247046772453,0.09668785718086415,0.07463811330097236
1998,60.3667,58.7318416666667,2.783597937575254,6.72243650753928,783051364.305175,20.47870885117157,11.3618450505783,811092756.22234,-3.4572361424811224,-0.24022667564960282,-0.3368039601089865,-0.4901394021732282,-0.39356211771384453
1999,70.3262166666667,60.3667,16.49836195562569,5.74200109520484,791589617.767127,20.489553656102792,6.72243650753928,783051364.305175,1.0903822981686955,0.8525812088010027,-0.2671258788829716,-0.6141522414514526,0.5055548462325217
2000,76.1755416666667,70.3262166666667,8.317417425886466,9.98002515350979,897865882.028211,20.615531263250695,5.74200109520484,791589617.767127,13.425676875457546,0.20071431028305572,-0.0781259289706526,-0.07809510827587036,0.20074513097783797
2001,78.563195,76.1755416666667,3.134409393216159,5.73859814341467,1064987676.82776,20.786229064987108,9.98002515350979,897865882.028211,18.613224774955643,-0.21227362270786718,0.0013570770515989098,-0.6145826723682848,-0.8282133721277509
2002,78.7491416666667,78.563195,0.23668419629154455,1.96130821739162,1068140537.34882,20.789185158105226,5.73859814341467,1064987676.82776,0.2960466669859787,-0.443167638675088,-0.2792965971067191,-1.0923626899094747,-1.2562337314778436
2003,75.9355694444445,78.7491416666667,-3.572829065403195,9.81569062979654,1482117158.64118,21.116737415109423,1.96130821739162,1068140537.34882,38.75675595272055,-0.7467139572861855,0.30999392068760756,-0.09888137386840991,-1.155589251842203
2004,79.1738760642135,75.9355694444445,4.264545118263971,11.6240355442426,1519538696.93683,21.141672636885186,9.81569062979654,1482117158.64118,2.524870458281345,-0.12222313192245518,-0.24514681800912144,0.12985168127576324,0.2527753673624295
2005,75.5541094514311,79.1738760642135,-4.571920427195719,10.3127783574683,1799087912.82813,21.31054565832957,11.6240355442426,1519538696.93683,18.396979060476095,-0.8263226852246606,-0.0019562146537031194,-0.03600598227871113,-0.8603724528496686
2006,72.1008350178622,75.5541094514311,-4.570597759197726,14.4537342081708,2416073242.93319,21.60540943234307,10.3127783574683,1799087912.82813,34.29434024350546,-0.8262172935449484,0.2416213058104226,0.48777323449668136,-0.5800653648586895
2007,67.3176381242857,72.1008350178622,-6.634038138936278,9.75888023027529,3355419015.79063,21.933842492504706,14.4537342081708,2416073242.93319,38.879027182017225,-0.9906345531568701,0.3118673462525986,-0.1060671801505246,-1.4085690795599932
2008,69.175319816226,67.3176381242857,2.759576455297706,26.2398166445063,2878951355.48375,21.780691952109894,9.75888023027529,3355419015.79063,-14.199945165257134,-0.24214073448390325,-0.5014024992444447,1.9785655177099242,2.2378272824704655
2009,77.352012297579,69.175319816226,11.820245288457704,9.23412592394652,3849500808.92698,22.07120931682055,26.2398166445063,2878951355.48375,33.71190873352387,0.47982358996537955,0.23269735790434262,-0.1724420485330912,0.07468418352794573
2010,79.2331517045454,77.352012297579,2.431920451829394,3.96138889115385,4320858499.01272,22.186719946082224,9.23412592394652,3849500808.92698,12.244644526185398,-0.26824873484807177,-0.09622156936729437,-0.8393774549635241,-1.0114046204443015
2011,88.8107699710456,79.2331517045454,12.08789258089143,14.0224913014704,4265145709.81446,22.173742181389585,3.96138889115385,4320858499.01272,-1.2893916616568262,0.5011500284690593,-0.30358849891944584,0.4332263907110465,1.2379649180995518
2012,84.5296017573529,88.8107699710456,-4.8205507227202915,9.37777003547598,5711831324.95431,22.465805531602705,14.0224913014704,4265145709.81446,33.918785278798445,-0.8461338279395434,0.23586709628796557,-0.15427286176947633,-1.2362737859969855
2013,86.1228788982654,84.5296017573529,1.8848747749765637,5.71749357037733,6598881868.91412,22.61016605782576,9.37777003547598,5711831324.95431,15.530054959508192,-0.31183795213482834,-0.04588289253644937,-0.6172521373745349,-0.8832071969729138
2014,87.9221638089727,86.1228788982654,2.0892066472054958,6.87815499275949,7874414432.36248,22.78688466109819,5.71749357037733,6598881868.91412,19.32952564974854,-0.2955565578124438,0.012332155807096516,-0.4704429578819288,-0.7783316715014691
2015,98.1784533265271,87.9221638089727,11.665192339713236,6.58215429284779,7514864907.05536,22.74014888355003,6.87815499275949,7874414432.36248,-4.5660477791140135,0.4674687959148031,-0.3537930431400196,-0.507883350958908,0.31337848809591473
2016,101.504369498594,98.1784533265271,3.387623311813019,6.29724953814625,7553884912.6237,22.745327825831197,6.58215429284779,7514864907.05536,0.5192376183862762,-0.19209725173049635,-0.27587689128848886,-0.543920245495671,-0.46014060593767847
2017,103.410004519014,101.504369498594,1.87739210620523,8.00564967709945,7325420063.33911,22.714616336736228,6.29724953814625,7553884912.6237,-3.024468229623011,-0.3124341796323838,-0.33017314044421453,-0.3278289566769132,-0.31008999586508246
2018,101.301574049018,103.410004519014,-2.038903759653465,4.6898064677633,8164380806.22987,22.823046725371334,8.00564967709945,7325420063.33911,11.452732206982,-0.6244890567282614,-0.10835515788653073,-0.7472417255528371,-1.2633756243945677
2019,101.99129838935,101.301574049018,0.6808624118695934,5.23963795764792,9115806005.21186,22.933275667411426,4.6898064677633,8164380806.22987,11.653366269442028,-0.40777501686649975,-0.1052810660990945,-0.6776949065300366,-0.9801888572974419
2020,106.450780158517,101.99129838935,4.37241396039788,5.40516207933392,8297263558.90541,22.839191605690562,5.23963795764792,9115806005.21186,-8.979375447859008,-0.1136280207695875,-0.42141353676610577,-0.6567581716456453,-0.34897265564912705
2021,109.637746592367,106.450780158517,2.993840373085329,6.10793603659176,9490896580.9297,22.973598921494432,5.40516207933392,8297263558.90541,14.385863647095684,-0.2234743209704322,-0.06341405884797204,-0.5678660399316092,-0.7279263020540694
2022,117.865989201682,109.637746592367,7.5049359048828315,7.65986268272224,7969488013.00049,22.798886088412896,6.10793603659176,9490896580.9297,-16.03018803288001,0.13597486518909585,-0.5294452677523801,-0.3715666944398711,0.29385343850160484
2023,139.846383759617,117.865989201682,18.64863198180441,7.67139634029402,7341776189.84466,22.716846638015788,7.65986268272224,7969488013.00049,-7.87643851313729,1.0239171526942574,-0.4045144652350011,-0.37010783075059084,1.0583237871786677
2024,134.822483279332,139.846383759617,-3.5924421820735915,4.48978854243448,10066607177.351,23.032489563106996,7.67139634029402,7341776189.84466,37.11405683103496,-0.7482767525707308,0.2848246756586959,-0.7725414959553626,-1.8056429241847893
